Artist,Tier,ImageURL,ImageSource
+44,B,https://is1-ssl.mzstatic.com/image/thumb/Features115/v4/27/c2/67/27c267b4-ee01-5c25-b7b7-20658f967121/pr_source.png/400x400bb.jpg,apple-music
311,C,https://is1-ssl.mzstatic.com/image/thumb/AMCArtistImages221/v4/43/5c/2d/435c2d3c-5314-c229-1b5e-0cb89b4dfd93/ami-identity-becbfd127707552b3151afa35528ab10-2025-08-27T19-39-18.328Z_cropped.png/400x400bb.jpg,apple-music
3OH!3,D,https://is1-ssl.mzstatic.com/image/thumb/AMCArtistImages211/v4/89/74/a6/8974a680-5036-8adc-edcc-96595c6840be/ami-identity-be57c9ab8c36d3b9bf12d538a9b15b4e-2025-07-16T21-06-37.097Z_cropped.png/400x400bb.jpg,apple-music
ABBA,B,https://is1-ssl.mzstatic.com/image/thumb/Features115/v4/77/b2/e3/77b2e3f8-3af4-1928-f411-901705218d2d/mza_402627401905230864.png/400x400bb.jpg,apple-music
All Time Low,C,https://is1-ssl.mzstatic.com/image/thumb/AMCArtistImages211/v4/9b/f4/2c/9bf42c57-7f45-9a38-04c6-323b9b628b8b/ami-identity-ffed305f33dd9c5b536a0348a008f280-2025-06-13T03-41-01.040Z_cropped.png/400x400bb.jpg,apple-music
Amanda Palmer,A,https://is1-ssl.mzstatic.com/image/thumb/Features115/v4/25/24/98/25249826-e632-ba72-c45e-c07cf2973516/pr_source.png/400x400bb.jpg,apple-music
American Hi-Fi,,https://is1-ssl.mzstatic.com/image/thumb/AMCArtistImages221/v4/8c/84/bd/8c84bd17-855f-2a4a-98b0-cab6a4e5f3c9/f1380593-4f4d-41c9-8a6e-9a964454c515_ami-identity-132997aed251dd0360163b04e3a2f9ed-2024-04-15T23-08-52.362Z_cropped.png/400x400bb.jpg,apple-music
Amy Lee,D,https://is1-ssl.mzstatic.com/image/thumb/AMCArtistImages221/v4/bd/67/08/bd6708c5-a719-abea-15c0-3dfe64579135/ami-identity-af4a0b2aae715febb5d11514d8ea02a5-2026-04-17T19-29-04.778Z_cropped.png/400x400bb.jpg,apple-music
Analog Rebellion,B,https://is1-ssl.mzstatic.com/image/thumb/Music115/v4/e9/35/70/e93570ee-11f8-3eec-b257-82c3dca745f0/cover.jpg/400x400bb.jpg,apple-music
Angels & Airwaves,A,https://is1-ssl.mzstatic.com/image/thumb/Features125/v4/f0/95/91/f09591c2-8e98-1cd6-42c1-a453a19f3df1/pr_source.png/400x400bb.jpg,apple-music
Angine De Poitrine,B,https://is1-ssl.mzstatic.com/image/thumb/AMCArtistImages211/v4/a5/43/81/a5438154-b1eb-59c5-0993-9a972d14ec59/ami-identity-98a36afcbfe546930be76822cc59f879-2026-03-09T19-43-42.604Z_cropped.png/400x400bb.jpg,apple-music
Anita Velveeta,C,https://is1-ssl.mzstatic.com/image/thumb/AMCArtistImages211/v4/dd/65/6d/dd656d5f-1cfc-f0e4-2f01-5eb451422f31/file_cropped.png/400x400bb.jpg,apple-music
Anya Marina,D,https://is1-ssl.mzstatic.com/image/thumb/AMCArtistImages221/v4/07/70/40/077040ae-59d1-45c1-8925-2ac03d3d94c1/ami-identity-fc08d01a37de82256d0cc66061fefb29-2025-09-02T18-58-30.690Z_cropped.png/400x400bb.jpg,apple-music
Apashe,C,https://is1-ssl.mzstatic.com/image/thumb/Music125/v4/f0/7e/44/f07e448d-0245-6c19-5d82-325bdc0db0a1/pr_source.png/400x400bb.jpg,apple-music
ATARASHII GAKKO!,C,https://is1-ssl.mzstatic.com/image/thumb/AMCArtistImages221/v4/90/87/8d/90878d8e-4109-3550-a3d1-d91144321f3e/ami-identity-8a2e01a1613ea3137097d55427b3d334-2025-03-15T02-06-17.717Z_cropped.png/400x400bb.jpg,apple-music
AURORA,B,https://is1-ssl.mzstatic.com/image/thumb/AMCArtistImages112/v4/13/d7/a7/13d7a78c-1d3f-1dc9-ec73-cbf9ae6aca16/1af41250-8099-4dcf-87c0-0175324676a9_ami-identity-be5308d2594826cc5f0309b06a6ec8e6-2024-03-28T09-20-32.727Z_cropped.png/400x400bb.jpg,apple-music
BABYMETAL,B,https://is1-ssl.mzstatic.com/image/thumb/AMCArtistImages221/v4/88/03/d4/8803d4d4-a6ae-8c5d-9306-51ab69e79ba7/file_cropped.png/400x400bb.jpg,apple-music
Barenaked Ladies,,https://is1-ssl.mzstatic.com/image/thumb/AMCArtistImages116/v4/45/1b/19/451b197a-704f-316e-d0da-79cb7cda13f2/3c8ed5a1-b592-47db-9431-4cae5783ebba_ami-identity-47fe7a99ec19bfe44d29911ec7ff6f8f-2023-06-26T23-47-56.846Z_cropped.png/400x400bb.jpg,apple-music
Basshunter,D,https://is1-ssl.mzstatic.com/image/thumb/Features115/v4/87/b6/79/87b67926-c2ff-1040-0ff1-2a2dd1c59b48/pr_source.png/400x400bb.jpg,apple-music
Beach Bunny,C,https://is1-ssl.mzstatic.com/image/thumb/AMCArtistImages211/v4/c7/44/ec/c744ec7d-1dc7-2c16-6d5e-cc1eb179743d/c4230863-1ee8-4da3-b2be-f0ed9a389da3_ami-identity-6fe39853de9a0463e84505f39a4047c3-2024-05-30T15-34-03.671Z_cropped.png/400x400bb.jpg,apple-music
Bebe Rexha,D,https://is1-ssl.mzstatic.com/image/thumb/AMCArtistImages221/v4/82/da/03/82da03f2-6c49-b98e-2179-8fd3cc524b05/ami-identity-8690b622c0e00a96931cb0dffb812025-2026-02-09T23-10-05.758Z_cropped.png/400x400bb.jpg,apple-music
Ben Folds,D,https://is1-ssl.mzstatic.com/image/thumb/AMCArtistImages221/v4/2f/17/9d/2f179d99-eb76-8229-927a-c209691ed907/ami-identity-0900fd34574b568f21243aec333f84bf-2025-01-15T21-06-37.630Z_cropped.png/400x400bb.jpg,apple-music
Ben Folds Five,D,https://is1-ssl.mzstatic.com/image/thumb/Features125/v4/5a/77/e2/5a77e218-c4eb-7c3a-c66e-ac5578844d4d/mzl.qjbnpjhm.jpg/400x400bb.jpg,apple-music
Big Freedia,C,https://is1-ssl.mzstatic.com/image/thumb/Features125/v4/40/33/50/4033503f-8d62-3249-f7df-109d8a16d5ab/pr_source.png/400x400bb.jpg,apple-music
Blink-182,S,https://is1-ssl.mzstatic.com/image/thumb/AMCArtistImages126/v4/65/62/19/656219e0-9f60-ea44-806a-f396784d0992/a54cf2c0-30ca-4c31-87e0-3f4b3b5d0548_ami-identity-e3a39a439aad3816a4fd61791faa2231-2023-09-18T15-59-58.456Z_cropped.png/400x400bb.jpg,apple-music
Blood Brothers,C,https://is1-ssl.mzstatic.com/image/thumb/Music123/v4/a4/84/a0/a484a053-af80-c50a-f461-c066c0dbacb5/0045778704569.png/400x400bb.jpg,apple-music
Bloodhound Gang,D,https://is1-ssl.mzstatic.com/image/thumb/Features125/v4/b5/f1/f5/b5f1f55d-c7fd-be99-2483-af054e01b67d/mzl.cyvjhcam.tif/400x400bb.jpg,apple-music
Bowling for Soup,B,https://is1-ssl.mzstatic.com/image/thumb/AMCArtistImages221/v4/e0/bf/76/e0bf76b0-6254-fbff-9482-f3724ecdc14a/ami-identity-be866883af0c84a6945af97b10822641-2025-03-03T16-39-23.311Z_cropped.png/400x400bb.jpg,apple-music
Box Car Racer,B,https://is1-ssl.mzstatic.com/image/thumb/Music125/v4/20/ee/33/20ee339c-4e0e-edaa-cd2b-9215d44a0fdd/00008811291525.rgb.jpg/400x400bb.jpg,apple-music
BOYS LIKE GIRLS,C,https://is1-ssl.mzstatic.com/image/thumb/AMCArtistImages221/v4/c4/ce/8c/c4ce8ca9-3f33-3978-98b0-6ecf5b93e765/ami-identity-048d9eeb591c6f15c87b3f5ce7d69039-2025-11-03T03-09-40.217Z_cropped.png/400x400bb.jpg,apple-music
Brand New,A,https://is1-ssl.mzstatic.com/image/thumb/Features115/v4/4e/5e/eb/4e5eebab-6a61-12e9-cca2-8c45aa4333a6/mzl.otavozzv.jpg/400x400bb.jpg,apple-music
Bullet For My Valentine,C,https://is1-ssl.mzstatic.com/image/thumb/AMCArtistImages221/v4/97/e2/db/97e2db1d-44f1-88f8-cd84-af89779f72bc/ami-identity-58b486372b084417d8d37feab322ff00-2025-08-04T16-20-28.142Z_cropped.png/400x400bb.jpg,apple-music
Carpenters,C,https://is1-ssl.mzstatic.com/image/thumb/Features115/v4/ba/7e/bd/ba7ebd99-9986-475a-5aa8-76ef9589ccdc/mzl.dzmjtpic.jpg/400x400bb.jpg,apple-music
Cartel,B,https://is1-ssl.mzstatic.com/image/thumb/AMCArtistImages221/v4/67/c2/d2/67c2d2c0-c3c3-a15e-9a0b-1d92b78b86ab/ami-identity-1f35bf4de6a855f72cdf8d66e046ee7f-2026-05-22T05-37-43.559Z_cropped.png/400x400bb.jpg,apple-music
Cascada,D,https://is1-ssl.mzstatic.com/image/thumb/Features122/v4/39/3a/49/393a4982-bde6-1d63-909d-187dcbad0bcf/mzl.uexbiolt.jpg/400x400bb.jpg,apple-music
Chappell Roan,S,https://is1-ssl.mzstatic.com/image/thumb/AMCArtistImages221/v4/4d/41/7c/4d417c40-49bc-97c0-9134-46445259e221/ami-identity-e951cbe6257d56c0062ece492544e0ae-2025-07-31T16-22-20.291Z_cropped.png/400x400bb.jpg,apple-music
Charli xcx,A,https://is1-ssl.mzstatic.com/image/thumb/AMCArtistImages221/v4/e4/9b/ce/e49bce72-8d64-ff52-8580-12c65d1a18db/ami-identity-cb4aed1ba5e50eba1e49f90cd4295ee2-2026-04-29T17-27-56.049Z_cropped.png/400x400bb.jpg,apple-music
Childish Gambino,C,https://is1-ssl.mzstatic.com/image/thumb/AMCArtistImages211/v4/cc/55/ab/cc55ab9b-f104-dc4a-c88f-1d6b62dcd8bd/fe082955-958c-4e14-b718-abf044bf8b44_ami-identity-7a871f163393eccb4db28a0d105243c2-2024-07-01T22-19-15.066Z_cropped.png/400x400bb.jpg,apple-music
Chromeo,C,https://is1-ssl.mzstatic.com/image/thumb/AMCArtistImages116/v4/7c/a6/b2/7ca6b272-d413-06b7-e084-9c70ba2a8493/b946aa50-415b-4192-bd72-980bf08996fe_ami-identity-ba5f27192ad024029735b1db2f3d6d91-2023-10-04T00-25-00.927Z_cropped.png/400x400bb.jpg,apple-music
Chumbawamba,C,https://is1-ssl.mzstatic.com/image/thumb/Music116/v4/61/31/11/61311167-b536-cb0f-ec8d-ee3716c33c9e/06UMGIM10732.rgb.jpg/400x400bb.jpg,apple-music
CHVRCHES,S,https://is1-ssl.mzstatic.com/image/thumb/AMCArtistImages116/v4/32/25/34/322534e7-2de6-62ef-c43a-cb38b4933edb/08b9f034-bf97-48ff-927c-3eb20ed3c527_ami-identity-2c5dbc8c2c347f5e7d80d8fe2be1db32-2023-08-18T21-47-20.572Z_cropped.png/400x400bb.jpg,apple-music
ClownC0re,B,https://is1-ssl.mzstatic.com/image/thumb/Music124/v4/bc/34/52/bc3452e0-f306-89b9-de29-c6417ee6fa83/artwork.jpg/400x400bb.jpg,apple-music
COBRAH,C,https://is1-ssl.mzstatic.com/image/thumb/AMCArtistImages211/v4/d5/2e/1c/d52e1c7d-9aa2-3605-dda1-954ce23244a0/ami-identity-852009cc428f1c5f9a624488e1a8711b-2025-10-28T17-50-28.289Z_cropped.png/400x400bb.jpg,apple-music
Coheed and Cambria,S,https://is1-ssl.mzstatic.com/image/thumb/AMCArtistImages211/v4/86/d4/4c/86d44c54-5dd2-f4b1-fd1c-0cbc6515cc28/ami-identity-ab27b32555ea976360b20c68f8dfec3a-2024-12-19T07-38-49.540Z_cropped.png/400x400bb.jpg,apple-music
Cults,C,https://is1-ssl.mzstatic.com/image/thumb/AMCArtistImages126/v4/c6/a7/95/c6a79588-80ff-04c5-2a87-844ba0c0a412/be63c4c9-e374-44de-ba1c-c46811e0f9b5_ami-identity-8762617b8f828e315c4473edfb57a1cc-2023-09-20T18-54-01.778Z_cropped.png/400x400bb.jpg,apple-music
Dan le Sac vs. Scroobius Pip,C,https://is1-ssl.mzstatic.com/image/thumb/Music/v4/32/57/dc/3257dcee-645d-5a9f-91ba-1e55ffc9da51/655035142029.jpg/400x400bb.jpg,apple-music
Dashboard Confessional,,https://is1-ssl.mzstatic.com/image/thumb/AMCArtistImages211/v4/f6/ba/78/f6ba786c-5e1e-2281-4a71-29f8e41a13f0/ami-identity-03d8b6b2dc24a2c3709fbeac51365b64-2025-12-03T22-02-33.476Z_cropped.png/400x400bb.jpg,apple-music
Dean Martin,D,https://is1-ssl.mzstatic.com/image/thumb/AMCArtistImages211/v4/5e/8e/f7/5e8ef702-6fa0-c9b9-4772-6ff399931420/ami-identity-b66b32efd7c7774869efc678b0c56b4b-2026-01-06T00-48-52.002Z_cropped.png/400x400bb.jpg,apple-music
Death Cab for Cutie,D,https://is1-ssl.mzstatic.com/image/thumb/AMCArtistImages221/v4/db/94/37/db943712-d602-e571-87a4-0947503d7be1/ami-identity-adcd500382b390c4e55f8ee3911a7624-2026-01-23T14-18-48.725Z_cropped.png/400x400bb.jpg,apple-music
Depeche Mode,D,https://is1-ssl.mzstatic.com/image/thumb/AMCArtistImages112/v4/82/64/c0/8264c0fd-982c-39f5-9d9c-107a770d9854/d8732264-4180-4cd8-9e18-bde470f28ee1_ami-identity-44edb1225ab56981aa15e01311cd503c-2022-10-20T23-55-57.605Z_cropped.png/400x400bb.jpg,apple-music
Doechii,B,https://is1-ssl.mzstatic.com/image/thumb/AMCArtistImages221/v4/3c/04/2c/3c042c42-e11e-2d89-9ba4-68d758a0888a/fd4be4b0-2014-43d7-bbac-750d0275c3a0_ami-identity-0940409ff9680e463498614ed1682b9f-2024-08-28T18-53-24.428Z_cropped.png/400x400bb.jpg,apple-music
Dougal,C,https://is1-ssl.mzstatic.com/image/thumb/Music124/v4/b9/10/a7/b910a744-f9b9-4f78-c16d-9e7273486a16/5055283445715.jpg/400x400bb.jpg,apple-music
DragonForce,D,https://is1-ssl.mzstatic.com/image/thumb/AMCArtistImages211/v4/81/fb/0e/81fb0e5f-d2b4-e818-2650-e2d7c897a7f5/ami-identity-f1a6edbcf745788385ec3d51d527e77e-2026-05-06T14-15-32.375Z_cropped.png/400x400bb.jpg,apple-music
Ellie Goulding,C,https://is1-ssl.mzstatic.com/image/thumb/AMCArtistImages221/v4/27/39/87/27398700-78f6-37e8-c0f4-3782fdff0a9c/ami-identity-481ed17acbda010ef60497462be34298-2026-06-02T16-02-21.956Z_cropped.png/400x400bb.jpg,apple-music
Elton John,C,https://is1-ssl.mzstatic.com/image/thumb/AMCArtistImages211/v4/4f/ca/ea/4fcaea20-0381-29e0-b639-231c7d8af62e/ami-identity-be894a77367574c0240cf63131f05229-2025-04-04T11-21-18.341Z_cropped.png/400x400bb.jpg,apple-music
Eminem,C,https://is1-ssl.mzstatic.com/image/thumb/Features211/v4/53/6b/bf/536bbff9-a99a-992b-b89e-ee17c34300ea/mzl.qtabxeoc.jpg/400x400bb.jpg,apple-music
Enya,C,https://is1-ssl.mzstatic.com/image/thumb/Features125/v4/7c/0f/a1/7c0fa1e6-0565-e94b-bc8a-8c324a0c2335/mzl.ostiyhxd.jpg/400x400bb.jpg,apple-music
EURINGER,C,https://is1-ssl.mzstatic.com/image/thumb/Music118/v4/9b/f9/cc/9bf9cc2f-4950-845c-f26b-2136aeba1d67/782388111669_Cover.jpg/400x400bb.jpg,apple-music
Evanescence,D,https://is1-ssl.mzstatic.com/image/thumb/AMCArtistImages221/v4/b9/f8/05/b9f805c9-8a18-36c9-c07f-bece3de2db39/file_cropped.png/400x400bb.jpg,apple-music
Eve 6,C,https://is1-ssl.mzstatic.com/image/thumb/AMCArtistImages211/v4/8a/d2/db/8ad2dbf7-17d6-77cc-20ae-475716be1fe6/715bab7a-9a07-47e1-a49d-5233acb91ef7_ami-identity-b99c700b2eb3d35534194f0c526e7c99-2024-09-30T18-16-22.798Z_cropped.png/400x400bb.jpg,apple-music
Fall Out Boy,B,https://is1-ssl.mzstatic.com/image/thumb/AMCArtistImages123/v4/53/ea/13/53ea1398-3c7f-addb-9373-3fc63048b318/1fa85529-2c36-4928-933b-17a2d15afeb7_ami-identity-21187399153a680bbb3449e7ce920172-2023-01-18T15-10-56.952Z_cropped.png/400x400bb.jpg,apple-music
Family Force 5,C,https://is1-ssl.mzstatic.com/image/thumb/AMCArtistImages221/v4/7f/75/1b/7f751b57-408a-fcb8-12f1-6a154df34ec7/ami-identity-9e7b321682650cd47ddb8c570ff063cc-2026-02-19T23-17-33.146Z_cropped.png/400x400bb.jpg,apple-music
First Aid Kit,A,https://is1-ssl.mzstatic.com/image/thumb/AMCArtistImages211/v4/34/c8/56/34c856e6-ff66-6201-b4df-b1144d73bb77/cccef57f-f4e8-4cda-9963-eab1744c8cc6_ami-identity-af1fadb18d795ebaed0cc1e892006974-2024-07-23T18-08-19.423Z_cropped.png/400x400bb.jpg,apple-music
FKA twigs,B,https://is1-ssl.mzstatic.com/image/thumb/AMCArtistImages211/v4/83/2a/e0/832ae0a6-c805-c77f-f323-fe7f4f83f154/ami-identity-263f44f93d85f2ecfe4fd41e2976277c-2026-02-03T23-11-00.565Z_cropped.png/400x400bb.jpg,apple-music
Fleetwood Mac,D,https://is1-ssl.mzstatic.com/image/thumb/Features115/v4/1d/51/17/1d5117c7-86de-3075-487c-bbfd06ed4b52/mza_8192933590323373427.png/400x400bb.jpg,apple-music
Florence and The Machine,C,https://is1-ssl.mzstatic.com/image/thumb/AMCArtistImages211/v4/e3/34/00/e3340015-2eea-8e3b-de17-22b175f15f6a/ami-identity-5e67cf4707105e30d7f452b1de6f19e5-2025-08-19T10-57-53.200Z_cropped.png/400x400bb.jpg,apple-music
Forever the Sickest Kids,D,https://is1-ssl.mzstatic.com/image/thumb/Features125/v4/7f/49/56/7f495627-b52a-e18f-ba2d-d8db09fae7c6/mzl.sgfqmtkp.jpg/400x400bb.jpg,apple-music
Fountains of Wayne,D,https://is1-ssl.mzstatic.com/image/thumb/Features115/v4/fc/10/7b/fc107b09-dad0-0ebe-26ae-e2b1974c03e5/mza_12713899127245470222.jpg/400x400bb.jpg,apple-music
Frank Sinatra,D,https://is1-ssl.mzstatic.com/image/thumb/Features125/v4/8b/78/6c/8b786c35-57e8-baa8-b3a2-ced18ac9d602/mza_1777275275048889965.png/400x400bb.jpg,apple-music
FRATELLIS,C,https://is1-ssl.mzstatic.com/image/thumb/Features115/v4/7c/88/37/7c883750-c11b-b657-9964-3903ccc6db36/pr_source.png/400x400bb.jpg,apple-music
Freezepop,D,https://is1-ssl.mzstatic.com/image/thumb/Music114/v4/70/47/a6/7047a651-a630-702e-06e1-33acfaff976f/s05.mcpskfak.tif/400x400bb.jpg,apple-music
Fun.,C,https://is1-ssl.mzstatic.com/image/thumb/Features125/v4/af/ec/d5/afecd5d8-e84b-b95c-57f4-2ddc17a789d7/mzl.lkhroljc.jpg/400x400bb.jpg,apple-music
Garbage,C,https://is1-ssl.mzstatic.com/image/thumb/AMCArtistImages211/v4/fd/b2/62/fdb262c0-6436-30ff-09a0-78605a7d91cd/ami-identity-f966a7d9af844f70c40999f50700f2e7-2025-04-15T14-02-09.019Z_cropped.png/400x400bb.jpg,apple-music
Gatsbys American Dream,B,https://is1-ssl.mzstatic.com/image/thumb/Music/v4/17/ab/2c/17ab2cdd-3b66-1e2e-682f-f0d24fcc4027/859712008916_cover.tif/400x400bb.jpg,apple-music
Girl Talk,B,https://is1-ssl.mzstatic.com/image/thumb/Features115/v4/6d/9f/a0/6d9fa06c-f5b7-9c99-54f3-7ad0fde7cc26/pr_source.png/400x400bb.jpg,apple-music
Gogol Bordello,D,https://is1-ssl.mzstatic.com/image/thumb/Music112/v4/21/e7/f9/21e7f984-8e72-c23f-0202-751c9f385824/pr_source.png/400x400bb.jpg,apple-music
Goldfinger,C,https://is1-ssl.mzstatic.com/image/thumb/AMCArtistImages221/v4/2f/8c/51/2f8c51b6-0e91-19bd-d495-733be395b4c9/ami-identity-66848f90095ba5bba807574bd6f67956-2026-02-16T16-48-42.230Z_cropped.png/400x400bb.jpg,apple-music
Gracie Abrams,B,https://is1-ssl.mzstatic.com/image/thumb/AMCArtistImages211/v4/c2/89/47/c289478c-09c9-2268-ab7f-86516a51aa4b/ami-identity-d38fed2c45e9286f6f86194eca60e265-2026-05-11T17-12-15.544Z_cropped.png/400x400bb.jpg,apple-music
Green Day,C,https://is1-ssl.mzstatic.com/image/thumb/AMCArtistImages116/v4/25/35/39/253539f6-efcb-11c1-f11d-0329af780e6a/63b3a478-9e5e-4d7b-a9cf-ca9f5b2449c3_ami-identity-890469d04c5b60a2a29907f0e4ab0130-2023-10-24T12-52-33.834Z_cropped.png/400x400bb.jpg,apple-music
Grouplove,C,https://is1-ssl.mzstatic.com/image/thumb/AMCArtistImages126/v4/19/76/08/19760879-cda8-53e5-40eb-c2d3329fd186/da06b213-f42e-4379-b53a-49cbaa9a77c6_ami-identity-e990d887ba469dd64f660abd20fa873b-2023-03-21T20-40-04.887Z_cropped.png/400x400bb.jpg,apple-music
H.I.M.,C,https://is1-ssl.mzstatic.com/image/thumb/Music128/v4/7d/ae/88/7dae8881-e1a4-091b-6ad5-f43784ee3484/888915590515_cover.jpg/400x400bb.jpg,apple-music
Halsey,B,https://is1-ssl.mzstatic.com/image/thumb/AMCArtistImages211/v4/48/81/9e/48819e03-33f3-57dc-6b5b-39142ad53b63/ami-identity-c1209b76097b770cd43ee5d64f18c2e8-2024-10-25T22-38-30.611Z_cropped.png/400x400bb.jpg,apple-music
Harry Belafonte,D,https://is1-ssl.mzstatic.com/image/thumb/Features115/v4/e7/e3/f7/e7e3f787-b2b7-aedb-29ca-1938c80069b7/mzl.sifmzcmp.jpg/400x400bb.jpg,apple-music
Hawk Nelson,D,https://is1-ssl.mzstatic.com/image/thumb/Features125/v4/0c/e2/57/0ce257dc-9073-04a2-1b69-dafdb427a50a/mzl.cblenvqm.jpg/400x400bb.jpg,apple-music
Hawthorne Heights,C,https://is1-ssl.mzstatic.com/image/thumb/AMCArtistImages221/v4/56/53/2b/56532b01-15d3-5823-9ce7-ebc8fef8a683/ami-identity-83103043bca9734df4aac109d0d3122f-2025-06-12T20-45-32.101Z_cropped.png/400x400bb.jpg,apple-music
Hayley Williams,D,https://is1-ssl.mzstatic.com/image/thumb/AMCArtistImages211/v4/92/3a/ee/923aee59-94e6-8483-a7cd-068f2cb11dc9/ami-identity-563fff8b16611d062749e914c7490e7e-2025-07-30T14-49-14.726Z_cropped.png/400x400bb.jpg,apple-music
Heilung,C,https://is1-ssl.mzstatic.com/image/thumb/Music114/v4/d2/e5/ec/d2e5ecf8-27a4-3084-10a2-ab22a1251098/822603151121.jpg/400x400bb.jpg,apple-music
hellogoodbye,B,https://is1-ssl.mzstatic.com/image/thumb/Music125/v4/d9/4c/ce/d94cceb5-2ee9-5444-c44e-e2c6f9846356/pr_source.png/400x400bb.jpg,apple-music
Hixxy,C,https://is1-ssl.mzstatic.com/image/thumb/Music221/v4/e9/5a/b8/e95ab8c6-3cb6-7ee3-c3a6-b3aa492ba990/bdeb915d-9a09-40f1-9bf3-b4680e1fbc00.jpg/400x400bb.jpg,apple-music
Hollywood Undead,C,https://is1-ssl.mzstatic.com/image/thumb/AMCArtistImages221/v4/47/2c/be/472cbe50-73e5-52c9-3f0b-e63797689765/ami-identity-3f7355af245642647eb1d93892ea0f46-2026-03-11T15-40-42.569Z_cropped.png/400x400bb.jpg,apple-music
Hot Hot Heat,C,https://is1-ssl.mzstatic.com/image/thumb/Features125/v4/d2/d7/c3/d2d7c3f2-d37e-05dd-99ed-838972bcedf8/pr_source.png/400x400bb.jpg,apple-music
Ida Maria,C,https://is1-ssl.mzstatic.com/image/thumb/Music125/v4/33/27/7e/33277ed4-3e91-89cd-281b-fb5193ceb346/00602527033976.rgb.jpg/400x400bb.jpg,apple-music
Imogen Heap,B,https://is1-ssl.mzstatic.com/image/thumb/AMCArtistImages221/v4/19/26/98/192698a1-3daf-4436-744b-815c5556364d/ami-identity-497bf3a2487f295465ed4c0d84da3f57-2024-11-01T09-41-37.944Z_cropped.png/400x400bb.jpg,apple-music
Ingrid Michaelson,C,https://is1-ssl.mzstatic.com/image/thumb/AMCArtistImages221/v4/fa/db/62/fadb62e5-5544-47f7-8c08-81a5f722cf35/11df8d68-3ab0-4b8b-9e9d-02a114ab245e_ami-identity-87de1418933e4e875d56502d84d11cbd-2024-05-23T03-53-10.532Z_cropped.png/400x400bb.jpg,apple-music
Jax,B,https://is1-ssl.mzstatic.com/image/thumb/AMCArtistImages126/v4/73/02/ce/7302ce22-4f5a-2b4b-96fe-7eb216e774bf/0bc92143-caf3-4c2a-88fc-f8bda96e8eaa_ami-identity-11585e6f575b948e861392b14710ebd8-2023-04-03T15-30-08.587Z_cropped.png/400x400bb.jpg,apple-music
Jettingham,C,https://is1-ssl.mzstatic.com/image/thumb/Music128/v4/58/df/81/58df816f-f945-cb5d-a2bb-770bab455506/00044001479724.rgb.jpg/400x400bb.jpg,apple-music
Jimmy Eat World,C,https://is1-ssl.mzstatic.com/image/thumb/AMCArtistImages211/v4/50/88/9a/50889a4a-8818-77a4-90a1-5b9b1e683819/ami-identity-8c47cb73368663919089a9e53c098c8d-2026-02-10T14-52-55.522Z_cropped.png/400x400bb.jpg,apple-music
Kate Nash,C,https://is1-ssl.mzstatic.com/image/thumb/AMCArtistImages221/v4/c2/06/bd/c206bd32-5d84-0c88-5fc8-220fed617e54/ami-identity-83cc7ac24a79fd8a3327d8d43a2f7eb7-2026-04-09T18-32-55.493Z_cropped.png/400x400bb.jpg,apple-music
Kids of 88,,https://is1-ssl.mzstatic.com/image/thumb/Features/v4/34/6b/1f/346b1f90-0214-197b-0d7c-d7956f93bfb8/mzl.injyghhc.jpg/400x400bb.jpg,apple-music
Knocked Loose,B,https://is1-ssl.mzstatic.com/image/thumb/AMCArtistImages122/v4/89/a8/80/89a880b5-f17a-102a-4d01-ca32c71d3915/babd43d8-bf8a-4b55-8a3a-0a06539e51cb_ami-identity-1b294f1dea84017fd5f4efd6a136b6d9-2024-02-27T13-38-26.452Z_cropped.png/400x400bb.jpg,apple-music
KNOWER,B,https://is1-ssl.mzstatic.com/image/thumb/Features115/v4/4a/0b/ba/4a0bba54-e3bc-132d-3b7f-65135104b745/pr_source.png/400x400bb.jpg,apple-music
Korn,C,https://is1-ssl.mzstatic.com/image/thumb/Music126/v4/52/55/c9/5255c913-186a-f7ff-42bd-e1347cd4056f/pr_source.png/400x400bb.jpg,apple-music
Kronicles,D,https://is1-ssl.mzstatic.com/image/thumb/Music124/v4/8c/43/d9/8c43d939-3588-7c8a-fd6b-849c6f9ac074/mzi.wgykqlee.jpg/400x400bb.jpg,apple-music
La Roux,,https://is1-ssl.mzstatic.com/image/thumb/AMCArtistImages211/v4/ae/bc/0d/aebc0dc7-3b61-258a-aa55-ca4128fada7e/ami-identity-e3dbfa11034a3426e7d3d56164525ed1-2026-05-06T17-49-20.586Z_cropped.png/400x400bb.jpg,apple-music
Lady Gaga,S,https://is1-ssl.mzstatic.com/image/thumb/Features221/v4/06/94/0f/06940f31-52a4-c770-0169-0bc7f408370f/mza_9050954679593070613.png/400x400bb.jpg,apple-music
Lana Del Rey,A,https://is1-ssl.mzstatic.com/image/thumb/AMCArtistImages112/v4/99/da/66/99da66c2-f540-8406-0646-c95c85d64d04/e3d84d5f-c5b1-4769-8610-c0702bf35962_ami-identity-d8b71c87e7bea71100eb76a0935c9fa0-2022-12-12T15-36-57.679Z_cropped.png/400x400bb.jpg,apple-music
LANDMVRKS,C,https://is1-ssl.mzstatic.com/image/thumb/AMCArtistImages211/v4/77/dd/71/77dd71e7-3af5-2378-b1e8-4e070bbe48a2/ami-identity-0d3d6482c9bfe36ad2d0a79b944d343f-2026-03-26T13-52-45.195Z_cropped.png/400x400bb.jpg,apple-music
Liam and Me,B,https://is1-ssl.mzstatic.com/image/thumb/Music126/v4/1d/4e/af/1d4eaf0e-5631-282f-ea5d-0da2ed86f536/artwork.jpg/400x400bb.jpg,apple-music
Linkin Park,A,https://is1-ssl.mzstatic.com/image/thumb/AMCArtistImages221/v4/ba/91/04/ba91045f-f613-c7a2-e1da-3195779b40a0/ami-identity-640bb7a837fee9170cc487c37709e42e-2026-03-08T16-34-26.425Z_cropped.png/400x400bb.jpg,apple-music
Lostprophets,,https://is1-ssl.mzstatic.com/image/thumb/Features115/v4/6b/be/3f/6bbe3fe0-b3ed-a882-2fdc-84a5c1108c73/pr_source.png/400x400bb.jpg,apple-music
Louis Cole,D,https://is1-ssl.mzstatic.com/image/thumb/AMCArtistImages211/v4/b9/17/68/b917682c-824b-72d4-0d77-bbd9741b4e0f/6ec07f4d-dae8-4de3-90db-ab0cf7d06cec_ami-identity-7cd15a2f19b5b2b3ad5b9e8297cf6e67-2024-06-07T16-03-52.885Z_cropped.png/400x400bb.jpg,apple-music
Lykke Li,C,https://is1-ssl.mzstatic.com/image/thumb/AMCArtistImages211/v4/f5/ab/68/f5ab68ae-02eb-4634-b459-99ee20b90bfc/ami-identity-8d49864560206227139cef0b12784c7b-2026-02-12T21-35-44.762Z_cropped.png/400x400bb.jpg,apple-music
Marilyn Manson,D,https://is1-ssl.mzstatic.com/image/thumb/AMCArtistImages211/v4/8f/3f/63/8f3f6361-aa4d-5a32-f139-f1cb9ec8c44d/a077bbc4-2668-4d23-b0f9-32bc9d9ab498_ami-identity-bbe467831287d0f38b4a24ce90978ed9-2024-09-27T14-05-04.132Z_cropped.png/400x400bb.jpg,apple-music
Marina,C,https://is1-ssl.mzstatic.com/image/thumb/AMCArtistImages221/v4/06/1e/2c/061e2c6f-37b9-ae0c-5f77-9e970f0b5d06/ami-identity-e758df34377a34e4c2e91d897c2d99c4-2025-12-17T15-53-56.700Z_cropped.png/400x400bb.jpg,apple-music
Maroon 5,D,https://is1-ssl.mzstatic.com/image/thumb/AMCArtistImages116/v4/c3/3f/9a/c33f9a77-7395-bdfe-8068-a4b66d26531e/3ea423ea-6cf0-498a-a692-cc58da556f11_ami-identity-06acd526b8e5ef0283735a165e8eed70-2023-05-19T16-33-45.049Z_cropped.png/400x400bb.jpg,apple-music
Matt and Kim,B,https://is1-ssl.mzstatic.com/image/thumb/Features125/v4/50/41/b3/5041b36c-11d0-fbb7-b3e8-167d7b8ee1d7/pr_source.png/400x400bb.jpg,apple-music
Matt Nathanson,,https://is1-ssl.mzstatic.com/image/thumb/AMCArtistImages211/v4/4a/4e/f4/4a4ef4b2-6fa9-daef-05ff-e1665dc98340/ami-identity-ce7ec6e5944cd49c992a8f0abe33bb2e-2025-11-10T00-58-41.427Z_cropped.png/400x400bb.jpg,apple-music
Mest,,https://is1-ssl.mzstatic.com/image/thumb/AMCArtistImages126/v4/e7/84/47/e78447a8-3e37-c1aa-ede9-46aad7c9fd1c/f0e032f2-e0dc-43ea-832f-fce1963d3e4d_file_cropped.png/400x400bb.jpg,apple-music
Metric,C,https://is1-ssl.mzstatic.com/image/thumb/AMCArtistImages221/v4/dc/f9/b1/dcf9b1a0-cde3-c83d-49d3-5e5d1670edb4/ami-identity-055077814a604445118564bbd2ceb7ca-2026-02-03T03-11-29.528Z_cropped.png/400x400bb.jpg,apple-music
Metro Station,,https://is1-ssl.mzstatic.com/image/thumb/Features125/v4/24/69/07/24690764-3a95-4748-b8a2-25101be9250b/pr_source.png/400x400bb.jpg,apple-music
MGMT,,https://is1-ssl.mzstatic.com/image/thumb/AMCArtistImages126/v4/6e/4a/ec/6e4aecaf-fe51-3ae6-964c-5137c2760848/15ba91a6-e8ff-4b76-b4d5-b0ccb080f1ae_ami-identity-287448828306e13cd69dd81d043e2759-2023-10-31T13-19-36.297Z_cropped.png/400x400bb.jpg,apple-music
Mika,,https://is1-ssl.mzstatic.com/image/thumb/AMCArtistImages221/v4/5a/ce/98/5ace981d-d3d8-fc2c-b2f1-c1a6565dab2b/ami-identity-ab43e7ecbbf729ae194f74a639ed6706-2025-12-05T00-15-12.524Z_cropped.png/400x400bb.jpg,apple-music
Mindless Self Indulgence,A,https://is1-ssl.mzstatic.com/image/thumb/Features115/v4/4c/a1/43/4ca14311-8da3-a74d-32ee-36aced6e2647/mzl.dkrewnoh.jpg/400x400bb.jpg,apple-music
Morningwood,B,https://is1-ssl.mzstatic.com/image/thumb/Music/3e/79/05/mzi.hcgqxjav.jpg/400x400bb.jpg,apple-music
Morrissey,,https://is1-ssl.mzstatic.com/image/thumb/Features211/v4/99/d2/6b/99d26bdc-1df3-8799-5b17-a8f23a769384/mzl.anvmdyaq.jpg/400x400bb.jpg,apple-music
Motion City Soundtrack,,https://is1-ssl.mzstatic.com/image/thumb/AMCArtistImages211/v4/4e/10/f7/4e10f7f4-2fd5-c615-b230-3fa5ee66f7de/ami-identity-7b1c7a3561052f1c3aa73769b51f5afa-2025-06-17T12-07-19.152Z_cropped.png/400x400bb.jpg,apple-music
Mumford & Sons,,https://is1-ssl.mzstatic.com/image/thumb/AMCArtistImages211/v4/1b/d4/84/1bd4842a-ecd9-7e06-7fbd-716fe44b79cd/ami-identity-805f3fb0573276a6d8c11a8ce88e88f3-2026-02-17T17-47-07.555Z_cropped.png/400x400bb.jpg,apple-music
Muse,,https://is1-ssl.mzstatic.com/image/thumb/Music116/v4/e6/06/6a/e6066a94-834e-2764-a71b-89cea53ec256/pr_source.png/400x400bb.jpg,apple-music
My Chemical Romance,B,https://is1-ssl.mzstatic.com/image/thumb/Features125/v4/55/6d/e4/556de418-24cd-eec5-04cd-043e6213e2ca/pr_source.png/400x400bb.jpg,apple-music
N.W.A,D,https://is1-ssl.mzstatic.com/image/thumb/Features125/v4/22/90/88/22908803-567e-d359-ef12-62beb93ff141/mza_6133116394539442840.png/400x400bb.jpg,apple-music
New Found Glory,C,https://is1-ssl.mzstatic.com/image/thumb/AMCArtistImages221/v4/b6/16/89/b616899c-0fb9-3d7e-2fae-2366c0624198/ami-identity-3978d432a65c43ec0c7ea1642f93d73c-2026-01-13T22-51-06.376Z_cropped.png/400x400bb.jpg,apple-music
NF,C,https://is1-ssl.mzstatic.com/image/thumb/AMCArtistImages211/v4/df/b5/fa/dfb5fa1c-d459-c762-d76e-7620b6c0360a/ami-identity-2185802b4bcfeed81e8f8dc59999108d-2025-10-30T19-45-25.467Z_cropped.png/400x400bb.jpg,apple-music
Nightwish,B,https://is1-ssl.mzstatic.com/image/thumb/AMCArtistImages221/v4/11/95/a5/1195a534-5829-0389-92a4-2cea191ac963/2825a86d-0aa2-42e3-8e5a-1a19d8eabed0_ami-identity-f99a6d64039b5f8ec14db0e71d15e47a-2024-05-27T10-14-08.815Z_cropped.png/400x400bb.jpg,apple-music
Nine Days,,https://is1-ssl.mzstatic.com/image/thumb/Features115/v4/f2/de/a0/f2dea00a-04c5-0fd1-d30c-aa57ed7ee0da/mzl.mustbhyr.jpg/400x400bb.jpg,apple-music
Nobuo Uematsu!,C,https://is1-ssl.mzstatic.com/image/thumb/Features125/v4/4d/e7/72/4de77214-e0d6-83c6-0317-704dcad2749c/mzl.ibrpsnsu.jpg/400x400bb.jpg,apple-music
NOFX,D,https://is1-ssl.mzstatic.com/image/thumb/Features115/v4/5c/d6/9f/5cd69f86-2bc0-70bd-865b-5e20535f369b/mzl.nwxbafzn.jpg/400x400bb.jpg,apple-music
Novelists,C,https://is1-ssl.mzstatic.com/image/thumb/AMCArtistImages221/v4/da/b9/95/dab99569-3bad-ebf3-c9f8-5abd45df24cd/ami-identity-12481519583d5e12e835c3501bead8e2-2024-12-14T17-34-35.315Z_cropped.png/400x400bb.jpg,apple-music
OK Go,D,https://is1-ssl.mzstatic.com/image/thumb/AMCArtistImages211/v4/4c/89/46/4c8946c8-2061-b443-18a9-776ad217c468/ami-identity-686ad2ea1ee3f5a459014aa1dc32ebdf-2025-01-15T20-29-24.774Z_cropped.png/400x400bb.jpg,apple-music
Oliver Tree,C,https://is1-ssl.mzstatic.com/image/thumb/AMCArtistImages221/v4/c9/9f/80/c99f80bb-34e9-1912-aab8-10dfa1d9aa92/ami-identity-3bd5d7c869befd01c574e84637437516-2026-05-08T20-55-55.586Z_cropped.png/400x400bb.jpg,apple-music
P!nk,B,https://is1-ssl.mzstatic.com/image/thumb/AMCArtistImages116/v4/14/f7/1e/14f71ec1-a9cf-7959-38c2-e3694d9b2196/e5042bea-9ec8-4719-a292-a6915c52e016_ami-identity-b0e41d97ff203955030fe0623b5bccf1-2023-03-09T20-11-06.828Z_cropped.png/400x400bb.jpg,apple-music
Panic! At The Disco,C,https://is1-ssl.mzstatic.com/image/thumb/Music122/v4/f0/ef/c3/f0efc32a-192a-a0d3-3346-4ac87f8b17b2/pr_source.png/400x400bb.jpg,apple-music
Paramore,C,https://is1-ssl.mzstatic.com/image/thumb/Music122/v4/3f/96/79/3f96799e-b6e5-0d32-c39f-475523d928f6/pr_source.png/400x400bb.jpg,apple-music
Peaches,D,https://is1-ssl.mzstatic.com/image/thumb/AMCArtistImages211/v4/e7/5f/45/e75f4580-c7e1-2dea-82a0-de65d5b04408/ami-identity-374f4814d92debd6ae217489b10264dc-2025-12-02T23-55-40.345Z_cropped.png/400x400bb.jpg,apple-music
Peelander-Z,E,https://is1-ssl.mzstatic.com/image/thumb/Music124/v4/ad/a3/08/ada308e6-a09e-d47a-95eb-239e8fa13890/mzi.crjfidbw.jpg/400x400bb.jpg,apple-music
Phantom Planet,,https://is1-ssl.mzstatic.com/image/thumb/AMCArtistImages211/v4/a7/48/80/a7488074-151b-eefc-3845-14ec5dd2dbb4/ami-identity-0f9578fdfbbb6c71ad44e84ae40d43a0-2025-02-07T18-33-45.813Z_cropped.png/400x400bb.jpg,apple-music
Picturesque,D,https://is1-ssl.mzstatic.com/image/thumb/Features124/v4/af/3d/1e/af3d1ec4-5b64-b9ef-44ab-6805f92f4618/pr_source.png/400x400bb.jpg,apple-music
Plain White T's,D,https://is1-ssl.mzstatic.com/image/thumb/AMCArtistImages116/v4/37/a8/c3/37a8c3a0-e3f0-def1-eb2d-20fea0fbdee2/aa448f5a-fd10-4003-957a-1b9532a2c19b_ami-identity-f179593e71f611ba9b591f96fc3282e4-2023-02-10T06-01-24.488Z_cropped.png/400x400bb.jpg,apple-music
PlayRadioPlay!,A,https://is1-ssl.mzstatic.com/image/thumb/Music124/v4/e1/1f/83/e11f8364-0b55-859d-3b55-f3a1fb130e9c/00602517618466.rgb.jpg/400x400bb.jpg,apple-music
Porter Robinson,B,https://is1-ssl.mzstatic.com/image/thumb/AMCArtistImages112/v4/ed/82/72/ed8272d3-b6a2-f8da-18b7-e34eefec46d0/f77fbdc4-8cc6-4d94-8026-316944b0a3f5_ami-identity-d22741ac4630696dc6353a596158bc20-2024-03-19T23-53-14.193Z_cropped.png/400x400bb.jpg,apple-music
Ra,D,https://is1-ssl.mzstatic.com/image/thumb/Music114/v4/c8/c2/ef/c8c2efe5-04d0-533b-2887-9768a8af7e2d/859711327988_cover.tif/400x400bb.jpg,apple-music
Rage Against the Machine,D,https://is1-ssl.mzstatic.com/image/thumb/Features115/v4/a8/6a/21/a86a21de-c1a9-03b6-a5e6-8550ae62ea1d/mzl.cvnwolpm.jpg/400x400bb.jpg,apple-music
Rasputina,C,https://is1-ssl.mzstatic.com/image/thumb/Music124/v4/0b/82/4e/0b824ec4-eb36-47a3-359c-607b6d5db5ba/mzi.kjegdpvm.jpg/400x400bb.jpg,apple-music
Ratatat,B,https://is1-ssl.mzstatic.com/image/thumb/Features125/v4/30/03/6e/30036ed5-a302-f332-9802-aac807638699/mzl.oozcfvho.jpg/400x400bb.jpg,apple-music
Red Hot Chili Peppers,C,https://is1-ssl.mzstatic.com/image/thumb/Music126/v4/da/ed/ef/daedeff5-cbe4-5f7d-3ad0-07a4c560161b/pr_source.png/400x400bb.jpg,apple-music
Reel Big Fish,C,https://is1-ssl.mzstatic.com/image/thumb/Features115/v4/bc/7d/04/bc7d04b2-2e1b-8a4a-ff01-b3477b2c617e/mzl.uanrktuv.jpg/400x400bb.jpg,apple-music
Refused,C,https://is1-ssl.mzstatic.com/image/thumb/AMCArtistImages122/v4/3c/2a/b0/3c2ab05b-2b76-5e9b-77c9-a5a568352583/efc17f93-a5d2-4963-bf6e-85005745bf4e_ami-identity-f37f7c2155d861c2d233e81ad06e1930-2024-03-21T15-49-48.792Z_cropped.png/400x400bb.jpg,apple-music
Regina Spektor,A,https://is1-ssl.mzstatic.com/image/thumb/Music116/v4/e0/ff/0b/e0ff0b58-e086-1984-65b1-bccd28dc3de2/pr_source.png/400x400bb.jpg,apple-music
Rise Against,C,https://is1-ssl.mzstatic.com/image/thumb/AMCArtistImages221/v4/91/d7/68/91d7680e-daf2-8f01-7602-8f5d27884e88/ami-identity-7eabd00ad77a25e193338e5b407ea0c9-2025-08-16T19-43-23.855Z_cropped.png/400x400bb.jpg,apple-music
Robyn,B,https://is1-ssl.mzstatic.com/image/thumb/AMCArtistImages221/v4/cf/94/3e/cf943e10-53cb-07a6-e407-e4883097d172/ami-identity-c56e238641f9e8c1a0fdf01b5648c21e-2026-01-07T12-07-07.177Z_cropped.png/400x400bb.jpg,apple-music
Rush,E,https://is1-ssl.mzstatic.com/image/thumb/Features125/v4/d7/c2/a1/d7c2a12b-0f8e-2bab-6ad3-2a8674296742/mza_3437452608058597354.png/400x400bb.jpg,apple-music
Sabaton,C,https://is1-ssl.mzstatic.com/image/thumb/AMCArtistImages211/v4/6c/20/c5/6c20c5c5-248c-b236-0473-c1bca94fc0da/ami-identity-edfc53b9bcb40ce20df6c2a581f3156a-2025-01-30T08-04-46.092Z_cropped.png/400x400bb.jpg,apple-music
Sabrina Carpenter,C,https://is1-ssl.mzstatic.com/image/thumb/AMCArtistImages221/v4/b8/94/67/b8946780-17ee-7897-960b-4365afa4aeae/ami-identity-cc64ebed2010125d7f6cfc205f49983d-2025-06-11T16-08-39.460Z_cropped.png/400x400bb.jpg,apple-music
Santigold,C,https://is1-ssl.mzstatic.com/image/thumb/Music112/v4/38/85/fd/3885fd02-ff8b-3e52-662d-4c7244e1c5d2/pr_source.png/400x400bb.jpg,apple-music
Scissor Sisters,C,https://is1-ssl.mzstatic.com/image/thumb/Features115/v4/8b/ad/41/8bad4156-58c5-dc1c-8d38-37c836430803/mzl.soighojz.jpg/400x400bb.jpg,apple-music
Serj Tankian,B,https://is1-ssl.mzstatic.com/image/thumb/Music115/v4/0e/f0/5e/0ef05eaa-69ec-1241-5275-0b1247ba0ea2/pr_source.png/400x400bb.jpg,apple-music
She & Him,C,https://is1-ssl.mzstatic.com/image/thumb/Music122/v4/d8/26/5a/d8265a9e-3e78-49b4-5819-14caeee81cc7/pr_source.png/400x400bb.jpg,apple-music
Shiny Toy Guns,,https://is1-ssl.mzstatic.com/image/thumb/Music3/v4/21/65/cd/2165cd6c-ee9e-c0aa-b863-0737e69a6349/dj.tqqyhvri.jpg/400x400bb.jpg,apple-music
Sia,C,https://is1-ssl.mzstatic.com/image/thumb/AMCArtistImages211/v4/a9/09/18/a9091850-af3a-ffbf-65e3-349d5b6eb926/ami-identity-e481968227e39f49322f9ea36d4ae0b8-2026-03-05T20-24-38.844Z_cropped.png/400x400bb.jpg,apple-music
Simon & Garfunkel,D,https://is1-ssl.mzstatic.com/image/thumb/Features115/v4/47/41/1c/47411cf9-32ff-959b-02be-fbe00c968193/mza_7848672410060520739.png/400x400bb.jpg,apple-music
Simple Minds,,https://is1-ssl.mzstatic.com/image/thumb/AMCArtistImages116/v4/a9/67/1c/a9671c8f-4c8f-7212-2296-1a932ecd0418/aacc9f35-e524-4c5f-a206-22142e8b9d46_ami-identity-2c66138c7766fea2f1bd6fad8cb28019-2023-12-21T17-28-59.690Z_cropped.png/400x400bb.jpg,apple-music
Simple Plan,C,https://is1-ssl.mzstatic.com/image/thumb/AMCArtistImages211/v4/85/f3/ee/85f3ee70-808d-8070-ab3d-eeb88bcbf7e1/ami-identity-28e22b7641baaa56d25f55aa7731c8da-2025-07-08T15-48-59.473Z_cropped.png/400x400bb.jpg,apple-music
Sleigh Bells,B,https://is1-ssl.mzstatic.com/image/thumb/AMCArtistImages221/v4/24/18/b4/2418b4a9-40ef-5392-fb91-e164c1499d00/ami-identity-c661d77d6d78ea5a7d366e617262943b-2025-01-28T13-52-10.123Z_cropped.png/400x400bb.jpg,apple-music
Slipknot,C,https://is1-ssl.mzstatic.com/image/thumb/AMCArtistImages211/v4/5b/47/d4/5b47d421-df7b-5133-8bbf-f91dd7c705b5/d8d5bb3c-5167-4572-a907-79c97763ef42_ami-identity-627d74fb9165ef8b5ad65483b291f8da-2024-04-30T14-22-40.356Z_cropped.png/400x400bb.jpg,apple-music
Solange,C,https://is1-ssl.mzstatic.com/image/thumb/Features125/v4/eb/51/98/eb5198e2-5e25-499f-5e0a-50fcf5b7f149/mzl.wkhggyrj.jpg/400x400bb.jpg,apple-music
Sonic Youth,D,https://is1-ssl.mzstatic.com/image/thumb/Features115/v4/bd/48/16/bd481629-a3c4-7505-9f2f-b5c02b79e071/mza_7429175421167548432.png/400x400bb.jpg,apple-music
Spiritbox,C,https://is1-ssl.mzstatic.com/image/thumb/AMCArtistImages221/v4/69/c3/57/69c3573a-4ea4-7111-0e97-e2ee0d156faf/ami-identity-423dc0d848f672893f5a61910629a7ff-2024-11-16T01-45-25.330Z_cropped.png/400x400bb.jpg,apple-music
SR-71,E,https://is1-ssl.mzstatic.com/image/thumb/Music115/v4/b7/83/3e/b7833ed1-32c0-ebe7-d292-4ff1228766bc/mzi.xutaqjcf.jpg/400x400bb.jpg,apple-music
Stars,A,https://is1-ssl.mzstatic.com/image/thumb/Music116/v4/29/42/7d/29427dc1-016d-3683-04d8-77b3c38a009b/pr_source.png/400x400bb.jpg,apple-music
Steriogram,,https://is1-ssl.mzstatic.com/image/thumb/Features124/v4/33/71/5a/33715a9d-b369-bd69-f701-d5ae8c2f88a5/pr_source.png/400x400bb.jpg,apple-music
Story of the Year,,https://is1-ssl.mzstatic.com/image/thumb/AMCArtistImages211/v4/c2/3a/0e/c23a0e5c-4562-d454-1916-9a59198b17aa/ami-identity-30ab28a83ad1ffb5483b237e08013d0a-2025-10-16T04-34-43.848Z_cropped.png/400x400bb.jpg,apple-music
Sublime,C,https://is1-ssl.mzstatic.com/image/thumb/AMCArtistImages221/v4/ac/69/1a/ac691a56-6d76-6951-bdac-b57281f8b09f/5cca0c8e-a000-4f92-aa7b-5c0b50a81b97_ami-identity-b838c3962bb0e95ab223ff7b3b00d042-2024-05-24T04-03-10.211Z_cropped.png/400x400bb.jpg,apple-music
Suburban Legends,B,https://is1-ssl.mzstatic.com/image/thumb/AMCArtistImages116/v4/60/ad/fa/60adfa1d-93db-36fd-6240-63fd93a129d5/bff59e3f-212e-4314-a7e7-b77fcfb44bea_file_cropped.png/400x400bb.jpg,apple-music
Sugar Ray,,https://is1-ssl.mzstatic.com/image/thumb/Features125/v4/c3/3c/cc/c33ccce3-bd9c-9156-7593-3cefcb8d160b/pr_source.png/400x400bb.jpg,apple-music
Sugarcult,,https://is1-ssl.mzstatic.com/image/thumb/Features125/v4/87/6b/03/876b0313-a1e4-3a8c-0c3d-d416f049dec0/mzl.yzvcjlhm.jpg/400x400bb.jpg,apple-music
Sum 41,B,https://is1-ssl.mzstatic.com/image/thumb/AMCArtistImages112/v4/a5/11/35/a5113598-dac4-ff83-0b74-bd6928bbdf0c/de383a7e-3b36-4294-8a8a-0a9f486fb11c_ami-identity-e7f56ce4ff179ad2cfb3ea7b635e0104-2024-03-28T17-37-49.298Z_cropped.png/400x400bb.jpg,apple-music
Switchfoot,,https://is1-ssl.mzstatic.com/image/thumb/AMCArtistImages211/v4/71/09/bc/7109bc0a-9f71-b7f6-44cf-1a6dfec6d9a6/ami-identity-4317b2025511510587f52730b80f9bf5-2026-03-16T14-52-21.096Z_cropped.png/400x400bb.jpg,apple-music
System of a Down,A,https://is1-ssl.mzstatic.com/image/thumb/Features125/v4/79/a2/8d/79a28d0c-ba2f-ddcf-d723-8751d2c3dd66/pr_source.png/400x400bb.jpg,apple-music
t.A.T.u.,D,https://is1-ssl.mzstatic.com/image/thumb/Features115/v4/dc/56/74/dc567476-7927-40af-019c-ff015546cf0a/pr_source.png/400x400bb.jpg,apple-music
Taking Back Sunday,B,https://is1-ssl.mzstatic.com/image/thumb/AMCArtistImages211/v4/29/ed/fa/29edfa95-d435-6b31-9648-082231c4fdd6/ami-identity-e02fb612faa3e379ad5aa7e054a5314e-2025-01-14T21-40-49.676Z_cropped.png/400x400bb.jpg,apple-music
Talking Heads,,https://is1-ssl.mzstatic.com/image/thumb/Features115/v4/aa/75/c6/aa75c6fc-9f38-3d79-98b4-df0ed4357f14/mzl.zyfbcxpb.jpg/400x400bb.jpg,apple-music
Tenacious D,D,https://is1-ssl.mzstatic.com/image/thumb/AMCArtistImages116/v4/06/75/32/0675320c-eb1f-e840-aa18-8a1796d33424/db428f60-b625-4fe2-bab0-df78ead59787_ami-identity-0887d289f8a49cfa2e7ce7b60e36626e-2023-05-16T23-04-31.843Z_cropped.png/400x400bb.jpg,apple-music
The 2 Live Crew,D,https://is1-ssl.mzstatic.com/image/thumb/Features125/v4/d5/f1/f0/d5f1f09f-ae1e-5dc6-71e3-61db5217b769/pr_source.png/400x400bb.jpg,apple-music
The Academy Is...,B,https://is1-ssl.mzstatic.com/image/thumb/AMCArtistImages211/v4/dd/58/44/dd5844b7-f07c-d979-1f7b-4185d2d24aaf/ami-identity-a785adb0936b97a0f8f8731468522478-2026-01-16T01-26-29.202Z_cropped.png/400x400bb.jpg,apple-music
The All-American Rejects,,https://is1-ssl.mzstatic.com/image/thumb/AMCArtistImages221/v4/39/f4/6b/39f46b2d-5463-e36d-c2f2-bf3e30b55de1/file_cropped.png/400x400bb.jpg,apple-music
The Apples in Stereo,,https://is1-ssl.mzstatic.com/image/thumb/Features115/v4/b4/9d/bb/b49dbb54-f775-f714-e4fc-a744d7963b5f/pr_source.png/400x400bb.jpg,apple-music
The Asteroids Galaxy Tour,D,https://is1-ssl.mzstatic.com/image/thumb/AMCArtistImages211/v4/a8/5d/a4/a85da472-6088-5ff1-68ea-da150758c23b/ami-identity-43634144eaae9d39ed3325b9faca6ace-2025-12-01T14-05-45.116Z_cropped.png/400x400bb.jpg,apple-music
The Ataris,,https://is1-ssl.mzstatic.com/image/thumb/AMCArtistImages221/v4/7d/ec/d1/7decd14f-7f4b-4291-e2e2-824edebcf4f1/ami-identity-d5880c26af75deed423195e32ec4a484-2025-04-25T21-25-30.854Z_cropped.png/400x400bb.jpg,apple-music
The Beatles,D,https://is1-ssl.mzstatic.com/image/thumb/Features126/v4/97/55/a3/9755a36f-77f7-0d03-80ad-ee103316a011/mza_7475051787362065811.png/400x400bb.jpg,apple-music
The Birthday Massacre,B,https://is1-ssl.mzstatic.com/image/thumb/Features125/v4/0b/38/49/0b384991-9188-c412-3e5c-0739da243c82/mzl.jgodhqjj.jpg/400x400bb.jpg,apple-music
The Click Five,,https://is1-ssl.mzstatic.com/image/thumb/AMCArtistImages211/v4/58/2d/28/582d2814-4f8b-bb63-373e-fb2640bbcc7c/ami-identity-2886b6b40ef37136065de89c736b55d6-2025-11-25T21-05-25.727Z_cropped.png/400x400bb.jpg,apple-music
the Colourist,,https://is1-ssl.mzstatic.com/image/thumb/Features114/v4/d7/0f/6a/d70f6acf-e710-9f31-e5be-f0a1050d4e36/pr_source.png/400x400bb.jpg,apple-music
The Cranberries,,https://is1-ssl.mzstatic.com/image/thumb/Features211/v4/00/0f/f2/000ff276-c977-f6e2-0ff4-0fb19825c3ba/mza_4358712318537594483.png/400x400bb.jpg,apple-music
The Cure,,https://is1-ssl.mzstatic.com/image/thumb/AMCArtistImages221/v4/82/26/af/8226af01-ca25-b70e-6160-b65d79ef1fd2/faec9ede-8f0e-4f69-a92d-413f897b547a_ami-identity-77b4e84444f501eb54efaf58e291c34a-2024-09-20T16-12-54.334Z_cropped.png/400x400bb.jpg,apple-music
The Darkness,,https://is1-ssl.mzstatic.com/image/thumb/AMCArtistImages211/v4/7a/2d/bf/7a2dbfe4-1cdc-0a01-e67c-f051598d7a2e/45d8cecc-ea63-4492-bf33-92da15a278e7_ami-identity-36b5f89112f90d47bddad11190e3dd8a-2024-09-18T07-30-36.272Z_cropped.png/400x400bb.jpg,apple-music
The Dresden Dolls,A,https://is1-ssl.mzstatic.com/image/thumb/Features115/v4/df/df/bf/dfdfbfb0-7019-162a-fb87-e3206811c480/pr_source.png/400x400bb.jpg,apple-music
The Fratellis,,https://is1-ssl.mzstatic.com/image/thumb/Features115/v4/7c/88/37/7c883750-c11b-b657-9964-3903ccc6db36/pr_source.png/400x400bb.jpg,apple-music
The Hives,,https://is1-ssl.mzstatic.com/image/thumb/AMCArtistImages211/v4/b5/04/cc/b504cc17-3406-d342-3a4a-fa12200d9f31/ami-identity-b80c4f46465b8c60e3098444616313ac-2025-09-16T16-52-04.109Z_cropped.png/400x400bb.jpg,apple-music
The Killers,,https://is1-ssl.mzstatic.com/image/thumb/Features125/v4/e8/58/47/e8584761-ab08-9346-43f4-bc558f5890eb/mzl.fwmasvui.jpg/400x400bb.jpg,apple-music
The Lumineers,,https://is1-ssl.mzstatic.com/image/thumb/AMCArtistImages221/v4/05/88/8b/05888bb9-bd4b-1b6d-a373-50b1fe71a636/ami-identity-7d2c3f8810ed9b456a7ccc1bea9198d4-2025-01-08T05-01-53.157Z_cropped.png/400x400bb.jpg,apple-music
The Naked and Famous,A,https://is1-ssl.mzstatic.com/image/thumb/AMCArtistImages211/v4/aa/77/70/aa7770b7-1217-2073-af4d-8c4370b75fa6/ami-identity-30e945c3e3de1073150f1eadbddb4486-2025-07-04T20-36-28.073Z_cropped.png/400x400bb.jpg,apple-music
The Offspring,B,https://is1-ssl.mzstatic.com/image/thumb/AMCArtistImages116/v4/32/fe/54/32fe544a-7970-ee4c-d0d1-3729297c1a23/d41ca883-99ff-4ec7-8294-bf9146519e32_ami-identity-b0c2652ec5adf71fc58c7e8490935a78-2023-09-05T16-57-30.078Z_cropped.png/400x400bb.jpg,apple-music
The Pink Spiders,B,https://is1-ssl.mzstatic.com/image/thumb/AMCArtistImages116/v4/41/dd/72/41dd72e4-016a-2c36-df09-44f1d5600c82/94895be8-2a22-474f-aebf-1b45cea2f5fa_ami-identity-d3f8cc155240826792be8e2640963468-2023-03-08T15-53-30.772Z_cropped.png/400x400bb.jpg,apple-music
The Pogues,,https://is1-ssl.mzstatic.com/image/thumb/AMCArtistImages221/v4/fd/ac/53/fdac5351-0afd-d863-d102-23500af5417b/ami-identity-422ffa552dff2dcb93ab13a61e80c651-2026-06-04T11-31-18.431Z_cropped.png/400x400bb.jpg,apple-music
The Postal Service,A,https://is1-ssl.mzstatic.com/image/thumb/Features125/v4/3a/99/25/3a992567-b6ad-ac3c-864a-7f020c9dc7ab/pr_source.png/400x400bb.jpg,apple-music
The Red Jumpsuit Apparatus,B,https://is1-ssl.mzstatic.com/image/thumb/AMCArtistImages211/v4/b0/29/44/b02944e4-1493-3bb2-71fe-11a91b4871e5/ami-identity-e1443ade11c52f83609c7d7c32c8563b-2025-08-26T14-26-38.618Z_cropped.png/400x400bb.jpg,apple-music
The Rocket Summer,,https://is1-ssl.mzstatic.com/image/thumb/Features115/v4/3b/0c/78/3b0c787f-326b-0d97-d770-9f6e57194001/pr_source.png/400x400bb.jpg,apple-music
The Shins,,https://is1-ssl.mzstatic.com/image/thumb/Features125/v4/5d/9b/23/5d9b2349-a9ab-9f00-0493-fea39ab490e7/pr_source.png/400x400bb.jpg,apple-music
The Smashing Pumpkins,C,https://is1-ssl.mzstatic.com/image/thumb/AMCArtistImages221/v4/67/b0/d0/67b0d009-cfe5-f68d-5296-891eb86209cb/ami-identity-8e1c3d516591a3f1ae95545b0ce45c27-2026-05-15T00-17-03.775Z_cropped.png/400x400bb.jpg,apple-music
The Smiths,,https://is1-ssl.mzstatic.com/image/thumb/Features221/v4/54/9a/2e/549a2e36-bc4d-0247-d03c-dda516b25eeb/mza_3821065946139989548.png/400x400bb.jpg,apple-music
The Starting Line,B,https://is1-ssl.mzstatic.com/image/thumb/AMCArtistImages221/v4/54/c6/41/54c64102-ce4c-398a-f3d5-fe8ebbad0529/ami-identity-5a1e877c68104a3ac3681ba4c5510175-2025-06-06T20-08-04.908Z_cropped.png/400x400bb.jpg,apple-music
The Used,B,https://is1-ssl.mzstatic.com/image/thumb/AMCArtistImages211/v4/4a/a2/3c/4aa23c8d-e6e2-f689-1477-9033c981edfc/96a8f906-482f-46d1-95e3-fae7d9dbba2d_ami-identity-c676f9b41636690fc9def73bb2e03eef-2024-05-17T19-08-32.853Z_cropped.png/400x400bb.jpg,apple-music
The xx,,https://is1-ssl.mzstatic.com/image/thumb/AMCArtistImages221/v4/98/b2/d3/98b2d334-2d85-621a-162b-c2cfaf41e468/ami-identity-63a2c435108b440a659c5a5a1bca642c-2025-03-12T14-04-08.920Z_cropped.png/400x400bb.jpg,apple-music
Third Eye Blind,,https://is1-ssl.mzstatic.com/image/thumb/Features125/v4/73/91/be/7391be7d-2278-44d5-ee68-c45e98e2f79c/mzl.ctepsgnr.jpg/400x400bb.jpg,apple-music
Three Days Grace,,https://is1-ssl.mzstatic.com/image/thumb/AMCArtistImages211/v4/4b/12/d1/4b12d19c-a893-6b3c-d972-51c744fb7e1c/460cc912-c415-41f4-9783-661d8ad82031_ami-identity-66661f533fb2cb0587478b8900bab047-2024-10-03T13-03-01.931Z_cropped.png/400x400bb.jpg,apple-music
Tim Minchin,C,https://is1-ssl.mzstatic.com/image/thumb/AMCArtistImages221/v4/f4/3f/e4/f43fe4f3-0bd8-d1ef-2cd4-57f81588a631/ami-identity-963e9967f497432b9115d209e9229ce9-2025-07-25T05-56-32.071Z_cropped.png/400x400bb.jpg,apple-music
Tobe Nwigwe,D,https://is1-ssl.mzstatic.com/image/thumb/AMCArtistImages211/v4/9b/e7/8e/9be78ee5-91b6-72f5-77d7-4b2f55aec743/file_cropped.png/400x400bb.jpg,apple-music
Tove Lo,A,https://is1-ssl.mzstatic.com/image/thumb/AMCArtistImages221/v4/d6/6e/d9/d66ed91c-6642-1c4c-4938-af29c4b785af/ami-identity-b8965520dc4d26f3868feee1936695a1-2026-05-11T15-55-40.098Z_cropped.png/400x400bb.jpg,apple-music
Trans-Siberian Orchestra,,https://is1-ssl.mzstatic.com/image/thumb/Features115/v4/2f/2a/d0/2f2ad0f8-fd14-2aed-a2d1-61d9327d5fad/mzl.zvfdhoto.jpg/400x400bb.jpg,apple-music
Treaty of Paris,B,https://is1-ssl.mzstatic.com/image/thumb/Music118/v4/45/f7/72/45f772f8-acd8-a945-9d69-f6a020cb1c41/artwork.jpg/400x400bb.jpg,apple-music
twenty one pilots,C,https://is1-ssl.mzstatic.com/image/thumb/AMCArtistImages211/v4/ca/cd/50/cacd509c-b0d0-9767-afed-2568bb48bb80/ami-identity-c9ba08a71090ad5f6094375f4aa48f32-2025-05-21T14-28-34.785Z_cropped.png/400x400bb.jpg,apple-music
Two Door Cinema Club,D,https://is1-ssl.mzstatic.com/image/thumb/AMCArtistImages116/v4/13/53/06/1353064f-11d9-eb4b-b669-83326852960b/9abf18a4-61ac-4ea9-a9ba-92f6b14a0dad_ami-identity-db694f55a17e7f27d982639b4878bc74-2023-09-26T16-31-34.002Z_cropped.png/400x400bb.jpg,apple-music
Vampire Weekend,B,https://is1-ssl.mzstatic.com/image/thumb/AMCArtistImages126/v4/8a/e9/32/8ae932c1-1a13-27cc-a0dc-02289089e495/4163491f-3bda-448e-ac69-5b1ae6723d12_ami-identity-76d7a8ef014d81f2e211c7bcf199c794-2024-02-07T22-04-38.733Z_cropped.png/400x400bb.jpg,apple-music
Vanessa Carlton,C,https://is1-ssl.mzstatic.com/image/thumb/AMCArtistImages211/v4/08/78/ec/0878ec8e-11bc-5721-21ab-2e9d66519de1/ami-identity-3176eaa7d17a565449cf50d6ce954e4a-2025-11-11T15-47-48.823Z_cropped.png/400x400bb.jpg,apple-music
Vermillion Lies,C,https://is1-ssl.mzstatic.com/image/thumb/Music124/v4/af/73/56/af735605-ad9f-8d25-45d3-d9c08a9d35b6/mzi.mwfffner.tif/400x400bb.jpg,apple-music
Weezer,D,https://is1-ssl.mzstatic.com/image/thumb/AMCArtistImages211/v4/a0/1d/eb/a01deb8f-907e-3aad-270a-b84bb85cb5b2/ami-identity-7dd23bb0cb3a6d83af68d2c7ba069df8-2026-06-03T16-00-15.453Z_cropped.png/400x400bb.jpg,apple-music
Yeah Yeah Yeahs,C,https://is1-ssl.mzstatic.com/image/thumb/Music122/v4/bf/b7/b8/bfb7b8af-e699-0684-d3cc-2c66cba0139f/pr_source.png/400x400bb.jpg,apple-music
Yellowcard,B,https://is1-ssl.mzstatic.com/image/thumb/AMCArtistImages221/v4/c6/cc/8f/c6cc8f1a-c57e-4772-fbbb-a0fa3065e6a8/ami-identity-c417d987245fa76bfeca118a9d6471e2-2025-05-27T17-27-02.535Z_cropped.png/400x400bb.jpg,apple-music
Your Broken Hero,D,https://is1-ssl.mzstatic.com/image/thumb/AMCArtistImages211/v4/75/fd/07/75fd0791-1ac4-cc82-60f8-1ad674820859/ami-identity-0d2ca308e2ee00a7627c16f30d76d03e-2025-11-19T21-18-52.289Z_cropped.png/400x400bb.jpg,apple-music
